,Customer,TotalCharge
0,250.0,5255.24
1,251.0,26634.88
2,252.0,625.53
3,253.0,28735.62
4,254.0,43095.65
5,255.0,38747.020000000004
6,256.0,95202.76999999999
7,257.0,19802.719999999998
8,258.0,14795.87
9,259.0,32874.75
10,260.0,29710.260000000002
11,261.0,18098.01
